session,equity,daily_return,running_peak,drawdown_pct
2019-01-04,100000.0,0.0,100000.0,0.0
2019-01-07,100540.8469,0.005408469000000027,100540.8469,0.0
2019-01-08,101461.60689999998,0.009158068868425184,101461.60689999998,0.0
2019-01-09,102052.16690000001,0.005820526778982149,102052.16690000001,0.0
2019-01-10,102430.6269,0.0037084954832056205,102430.6269,0.0
2019-01-11,102263.24690000001,-0.0016340815737015957,102430.6269,-0.0016340815737015673
2019-01-14,101613.69569000001,-0.006351756175267842,102430.6269,-0.007975458461242662
2019-01-15,101613.69569000001,0.0,102430.6269,-0.007975458461242662
2019-01-16,101613.69569000001,0.0,102430.6269,-0.007975458461242662
2019-01-17,101613.69569000001,0.0,102430.6269,-0.007975458461242662
2019-01-18,101613.69569000001,0.0,102430.6269,-0.007975458461242662
2019-01-22,101613.69569000001,0.0,102430.6269,-0.007975458461242662
2019-01-23,101613.69569000001,0.0,102430.6269,-0.007975458461242662
2019-01-24,101613.69569000001,0.0,102430.6269,-0.007975458461242662
2019-01-25,101613.69569000001,0.0,102430.6269,-0.007975458461242662
2019-01-28,101613.69569000001,0.0,102430.6269,-0.007975458461242662
2019-01-29,101613.69569000001,0.0,102430.6269,-0.007975458461242662
2019-01-30,101613.69569000001,0.0,102430.6269,-0.007975458461242662
2019-01-31,101892.96989000002,0.0027483913276022953,102430.6269,-0.005248986814508901
2019-02-01,101752.88989000002,-0.0013747759060436238,102430.6269,-0.0066165465399488105
2019-02-04,102160.76989,0.004008534798775054,102430.6269,-0.002634534398227011
2019-02-05,102455.34989000003,0.0028834943228912557,102455.34989000003,0.0
2019-02-06,102354.40989000002,-0.0009852096558000678,102455.34989000003,-0.0009852096558000667
2019-02-07,101887.80959,-0.004558673148538084,102455.34989000003,-0.005539391555534731
2019-02-08,101887.80959,0.0,102455.34989000003,-0.005539391555534731
2019-02-11,101887.80959,0.0,102455.34989000003,-0.005539391555534731
2019-02-12,101887.80959,0.0,102455.34989000003,-0.005539391555534731
2019-02-13,101889.85950500003,2.0119335259582982e-05,102455.34989000003,-0.0055193836691508
2019-02-14,101804.59950500002,-0.000836785921721761,102455.34989000003,-0.006351551048321802
2019-02-15,102360.25950500001,0.005458103098501921,102455.34989000003,-0.0009281153702770072
2019-02-19,102379.36950500004,0.00018669354779321523,102455.34989000003,-0.0007415950956349616
2019-02-20,102469.03950500004,0.0008758600529925609,102469.03950500004,0.0
2019-02-21,102319.44642500006,-0.0014598856466561116,102469.03950500004,-0.001459885646656007
2019-02-22,102319.44642500006,0.0,102469.03950500004,-0.001459885646656007
2019-02-25,102319.44642500006,0.0,102469.03950500004,-0.001459885646656007
2019-02-26,102319.44642500006,0.0,102469.03950500004,-0.001459885646656007
2019-02-27,102319.44642500006,0.0,102469.03950500004,-0.001459885646656007
2019-02-28,102319.44642500006,0.0,102469.03950500004,-0.001459885646656007
2019-03-01,102319.44642500006,0.0,102469.03950500004,-0.001459885646656007
2019-03-04,101790.49629740007,-0.005169595283020967,102469.03950500004,-0.00662193391172424
2019-03-05,101790.49629740007,0.0,102469.03950500004,-0.00662193391172424
2019-03-06,101790.49629740007,0.0,102469.03950500004,-0.00662193391172424
2019-03-07,101790.49629740007,0.0,102469.03950500004,-0.00662193391172424
2019-03-08,101790.49629740007,0.0,102469.03950500004,-0.00662193391172424
2019-03-11,101790.49629740007,0.0,102469.03950500004,-0.00662193391172424
2019-03-12,101896.75295240006,0.0010438759890663007,102469.03950500004,-0.00558497040046965
2019-03-13,102365.10295240006,0.004596319180246944,102469.03950500004,-0.0010143215267954476
2019-03-14,102286.83138740007,-0.0007646313317966058,102469.03950500004,-0.001778177276572129
2019-03-15,102931.22138740007,0.00629983343172924,102931.22138740007,0.0
2019-03-18,103254.59138740007,0.0031416123858372114,103254.59138740007,0.0
2019-03-19,103310.66094240009,0.0005430223900615427,103310.66094240009,0.0
2019-03-20,103071.1709424001,-0.002318153787957189,103310.66094240009,-0.0023181537879572384
2019-03-21,103390.74261240009,0.003100495192575048,103390.74261240009,0.0
2019-03-22,103390.74261240009,0.0,103390.74261240009,0.0
2019-03-25,103390.74261240009,0.0,103390.74261240009,0.0
2019-03-26,103390.74261240009,0.0,103390.74261240009,0.0
2019-03-27,103119.60291240009,-0.0026224756022543705,103390.74261240009,-0.002622475602254556
2019-03-28,103195.6529124001,0.0007374931424493081,103390.74261240009,-0.0018869165175780338
2019-03-29,103445.2529124001,0.0024187065341976233,103445.2529124001,0.0
2019-04-01,104092.3467024001,0.006255422765005791,104092.3467024001,0.0
2019-04-02,104067.18670240011,-0.0002417084521297852,104092.3467024001,-0.00024170845212973584
2019-04-03,104461.2877524001,0.0037869866812771935,104461.2877524001,0.0
2019-04-04,104861.2377524001,0.0038286910740368274,104861.2377524001,0.0
2019-04-05,105236.66775240013,0.0035802552787569386,105236.66775240013,0.0
2019-04-08,105040.21105240012,-0.0018668084442035049,105236.66775240013,-0.0018668084442034145
2019-04-09,105040.21105240012,0.0,105236.66775240013,-0.0018668084442034145
2019-04-10,105040.21105240012,0.0,105236.66775240013,-0.0018668084442034145
2019-04-11,105040.21105240012,0.0,105236.66775240013,-0.0018668084442034145
2019-04-12,105040.21105240012,0.0,105236.66775240013,-0.0018668084442034145
2019-04-15,104996.36725240012,-0.0004174001514346548,105236.66775240013,-0.0022834293895107826
2019-04-16,105079.58725240012,0.0007925988505863568,105236.66775240013,-0.0014926403824338918
2019-04-17,105088.34725240013,8.336538264996918e-05,105236.66775240013,-0.0014093994343204476
2019-04-18,105232.88725240012,0.0013754141517978713,105236.66775240013,-3.5923790450138146e-05
2019-04-22,105177.40725240012,-0.0005272116108240299,105236.66775240013,-0.000563116461834686
2019-04-23,105334.87847240013,0.0014971962526335592,105334.87847240013,0.0
2019-04-24,105401.38464740015,0.0006313784756246665,105401.38464740015,0.0
2019-04-25,105131.13464740013,-0.0025640080621717187,105401.38464740015,-0.002564008062171891
2019-04-26,105462.48464740014,0.0031517780257135364,105462.48464740014,0.0
2019-04-29,105624.63464740013,0.0015375135579454025,105624.63464740013,0.0
2019-04-30,105438.98464740014,-0.001757639215697493,105624.63464740013,-0.0017576392156975268
2019-05-01,105113.13364740011,-0.0030904224001180314,105624.63464740013,-0.004842629768212018
2019-05-02,105113.13364740011,0.0,105624.63464740013,-0.004842629768212018
2019-05-03,105565.38310740014,0.004302501926325197,105624.63464740013,-0.0005609632657929946
2019-05-06,106503.66385740016,0.008888148011980679,106503.66385740016,0.0
2019-05-07,104600.90385740015,-0.01786567645736259,106503.66385740016,-0.017865676457362555
2019-05-08,104323.26385740013,-0.002654279167400908,106503.66385740016,-0.020472535131931268
2019-05-09,103297.36285040017,-0.009833866091481624,106503.66385740016,-0.030105077054372202
2019-05-10,103297.36285040017,0.0,106503.66385740016,-0.030105077054372202
2019-05-13,103297.36285040017,0.0,106503.66385740016,-0.030105077054372202
2019-05-14,103297.36285040017,0.0,106503.66385740016,-0.030105077054372202
2019-05-15,103297.36285040017,0.0,106503.66385740016,-0.030105077054372202
2019-05-16,103297.36285040017,0.0,106503.66385740016,-0.030105077054372202
2019-05-17,103373.66050040018,0.0007386214700417781,106503.66385740016,-0.029388691840599987
2019-05-20,103142.26050040017,-0.00223848124251258,106503.66385740016,-0.031561387047685394
2019-05-21,103436.06050040016,0.002848492931748936,106503.66385740016,-0.02880279650385807
2019-05-22,103278.92744040015,-0.001519132295254022,106503.66385740016,-0.030278173540749454
2019-05-23,102230.75863655016,-0.010148912559678314,106503.66385740016,-0.04011979556469596
2019-05-24,102230.75863655016,0.0,106503.66385740016,-0.04011979556469596
2019-05-28,102230.75863655016,0.0,106503.66385740016,-0.04011979556469596
2019-05-29,102230.75863655016,0.0,106503.66385740016,-0.04011979556469596
2019-05-30,102230.75863655016,0.0,106503.66385740016,-0.04011979556469596
2019-05-31,102230.75863655016,0.0,106503.66385740016,-0.04011979556469596
2019-06-03,102230.75863655016,0.0,106503.66385740016,-0.04011979556469596
2019-06-04,102230.75863655016,0.0,106503.66385740016,-0.04011979556469596
2019-06-05,102124.38576155016,-0.0010405173200188633,106503.66385740016,-0.04111856754255417
2019-06-06,102152.24169965019,0.0002727648043343578,106503.66385740016,-0.040857018436249996
2019-06-07,103258.53345965015,0.010829833409360834,106503.66385740016,-0.03046965973015703
2019-06-10,103898.85345965016,0.006201133974561346,106503.66385740016,-0.024457472197741772
2019-06-11,103926.18345965019,0.0002630442886517592,106503.66385740016,-0.024200861307466452
2019-06-12,103586.47796465017,-0.0032687190435690683,106503.66385740016,-0.02739047453480908
2019-06-13,103915.16135465018,0.0031730337439619394,106503.66385740016,-0.024304351690809214
2019-06-14,103753.48487465017,-0.001555850733351738,106503.66385740016,-0.025822388480759285
2019-06-17,103753.48487465017,0.0,106503.66385740016,-0.025822388480759285
2019-06-18,103753.48487465017,0.0,106503.66385740016,-0.025822388480759285
2019-06-19,103753.48487465017,0.0,106503.66385740016,-0.025822388480759285
2019-06-20,103753.48487465017,0.0,106503.66385740016,-0.025822388480759285
2019-06-21,103753.48487465017,0.0,106503.66385740016,-0.025822388480759285
2019-06-24,103753.48487465017,0.0,106503.66385740016,-0.025822388480759285
2019-06-25,103753.48487465017,0.0,106503.66385740016,-0.025822388480759285
2019-06-26,103753.48487465017,0.0,106503.66385740016,-0.025822388480759285
2019-06-27,103741.5000446502,-0.00011551255376596181,106503.66385740016,-0.02593491822448734
2019-06-28,104142.71968965021,0.0038674941544833974,106503.66385740016,-0.022167727214634194
2019-07-01,105004.1096896502,0.00827124548472491,106503.66385740016,-0.014079836443540002
2019-07-02,105033.2096896502,0.00027713201022327993,106503.66385740016,-0.013806606406693867
2019-07-03,105799.5196896502,0.007295882914216234,106503.66385740016,-0.006611454876263654
2019-07-05,105703.73608965022,-0.0009053311421539645,106503.66385740016,-0.007510800462423274
2019-07-08,105703.73608965022,0.0,106503.66385740016,-0.007510800462423274
2019-07-09,105703.73608965022,0.0,106503.66385740016,-0.007510800462423274
2019-07-10,105703.73608965022,0.0,106503.66385740016,-0.007510800462423274
2019-07-11,105703.73608965022,0.0,106503.66385740016,-0.007510800462423274
2019-07-12,105703.73608965022,0.0,106503.66385740016,-0.007510800462423274
2019-07-15,105413.26831141107,-0.0027479423999998698,106503.66385740016,-0.010238103615374564
2019-07-16,105408.53278403424,-4.492344704498663e-05,106503.66385740016,-0.01028256713151401
2019-07-17,105157.9088807487,-0.0023776434095618137,106503.66385740016,-0.012635762263102182
2019-07-18,105157.9088807487,0.0,106503.66385740016,-0.012635762263102182
2019-07-19,104827.31779296453,-0.0031437586702020015,106503.66385740016,-0.015739797146134958
2019-07-22,104889.6829972574,0.0005949327485041955,106503.66385740016,-0.015154228518407977
2019-07-23,105151.65395201372,0.002497585532441393,106503.66385740016,-0.012694491967869502
2019-07-24,105550.283881555,0.0037910000894822993,106503.66385740016,-0.008951616698573382
2019-07-25,104652.87608532203,-0.008502182687069038,106503.66385740016,-0.0173776911051265
2019-07-26,105600.19869729997,0.009052045652387042,106503.66385740016,-0.008482949105956107
2019-07-29,105260.23434128844,-0.003219353374381839,106503.66385740016,-0.011674992869508894
2019-07-30,104794.52997900842,-0.0044243143214944824,106503.66385740016,-0.016047653352847312
2019-07-31,104794.52997900842,0.0,106503.66385740016,-0.016047653352847312
2019-08-01,104794.52997900842,0.0,106503.66385740016,-0.016047653352847312
2019-08-02,104794.52997900842,0.0,106503.66385740016,-0.016047653352847312
2019-08-05,104794.52997900842,0.0,106503.66385740016,-0.016047653352847312
2019-08-06,104794.52997900842,0.0,106503.66385740016,-0.016047653352847312
2019-08-07,104794.52997900842,0.0,106503.66385740016,-0.016047653352847312
2019-08-08,104794.52997900842,0.0,106503.66385740016,-0.016047653352847312
2019-08-09,104794.52997900842,0.0,106503.66385740016,-0.016047653352847312
2019-08-12,104794.52997900842,0.0,106503.66385740016,-0.016047653352847312
2019-08-13,104794.52997900842,0.0,106503.66385740016,-0.016047653352847312
2019-08-14,103225.11463866191,-0.01497611889342787,106503.66385740016,-0.030783440681702384
2019-08-15,103175.55723177195,-0.0004800905967839997,106503.66385740016,-0.031248752438078314
2019-08-16,103175.55723177195,0.0,106503.66385740016,-0.031248752438078314
2019-08-19,103226.18168426397,0.0004906632331367344,106503.66385740016,-0.030773421818844404
2019-08-20,102491.57839125242,-0.007116443532305228,106503.66385740016,-0.037670868032480036
2019-08-21,103390.44068146437,0.00877010876718698,106503.66385740016,-0.029231136875292267
2019-08-22,103333.72005667865,-0.0005486060840041995,106503.66385740016,-0.029763706579764303
2019-08-23,101521.64356604789,-0.017536158474086072,106503.66385740016,-0.0467779239784914
2019-08-26,101521.64356604789,0.0,106503.66385740016,-0.0467779239784914
2019-08-27,101521.64356604789,0.0,106503.66385740016,-0.0467779239784914
2019-08-28,101521.64356604789,0.0,106503.66385740016,-0.0467779239784914
2019-08-29,101608.68596289407,0.0008573777353155787,106503.66385740016,-0.045960652593699164
2019-08-30,101090.14722141092,-0.00510329148112898,106503.66385740016,-0.050829393467979614
2019-09-03,100166.26763079685,-0.00913916554687122,106503.66385740016,-0.059504020773300054
2019-09-04,100476.96262228517,0.003101792637751899,106503.66385740016,-0.056586797269099195
2019-09-05,101280.74274233583,0.00799964587974511,106503.66385740016,-0.04903982572897582
2019-09-06,101179.22601051051,-0.001002330048897826,106503.66385740016,-0.04999300168695268
2019-09-09,101543.52336656986,0.0036005153471081464,106503.66385740016,-0.04657248690966654
2019-09-10,101855.37052878155,0.0030710689551900483,106503.66385740016,-0.043644445273190724
2019-09-11,102848.94336652981,0.009754741773459141,106503.66385740016,-0.03431544379321747
2019-09-12,102957.37497779597,0.0010542802649877725,106503.66385740016,-0.033297341623405335
2019-09-13,102957.37497779597,0.0,106503.66385740016,-0.033297341623405335
2019-09-16,102957.37497779597,0.0,106503.66385740016,-0.033297341623405335
2019-09-17,102957.37497779597,0.0,106503.66385740016,-0.033297341623405335
2019-09-18,102957.37497779597,0.0,106503.66385740016,-0.033297341623405335
2019-09-19,102957.37497779597,0.0,106503.66385740016,-0.033297341623405335
2019-09-20,102957.37497779597,0.0,106503.66385740016,-0.033297341623405335
2019-09-23,102957.37497779597,0.0,106503.66385740016,-0.033297341623405335
2019-09-24,102957.37497779597,0.0,106503.66385740016,-0.033297341623405335
2019-09-25,102957.37497779597,0.0,106503.66385740016,-0.033297341623405335
2019-09-26,102957.37497779597,0.0,106503.66385740016,-0.033297341623405335
2019-09-27,102957.37497779597,0.0,106503.66385740016,-0.033297341623405335
2019-09-30,102957.37497779597,0.0,106503.66385740016,-0.033297341623405335
2019-10-01,102957.37497779597,0.0,106503.66385740016,-0.033297341623405335
2019-10-02,102957.37497779597,0.0,106503.66385740016,-0.033297341623405335
2019-10-03,102957.37497779597,0.0,106503.66385740016,-0.033297341623405335
2019-10-04,102957.37497779597,0.0,106503.66385740016,-0.033297341623405335
2019-10-07,102941.72116353322,-0.0001520416994521545,106503.66385740016,-0.0334443207384498
2019-10-08,102425.43435780428,-0.005015331003731527,106503.66385740016,-0.03829191740348296
2019-10-09,102425.43435780428,0.0,106503.66385740016,-0.03829191740348296
2019-10-10,102658.16414450899,0.002272187451914709,106503.66385740016,-0.0361067363658022
2019-10-11,103087.64117253837,0.004183564274779172,106503.66385740016,-0.03207422694336196
2019-10-14,103020.68740605812,-0.0006494839315237533,106503.66385740016,-0.032702879179869936
2019-10-15,104100.04939601674,0.01047713830237118,106503.66385740016,-0.022568373465551992
2019-10-16,103956.23946306678,-0.0013814588348837198,106503.66385740016,-0.023918655021522715
2019-10-17,104187.92848021559,0.0022287167980052924,106503.66385740016,-0.021743246131749515
2019-10-18,103705.03254701948,-0.004634854922639153,106503.66385740016,-0.026277324263020825
2019-10-21,103734.06443224402,0.0002799467346137341,106503.66385740016,-0.026004733779528996
2019-10-22,103734.06443224402,0.0,106503.66385740016,-0.026004733779528996
2019-10-23,103734.06443224402,0.0,106503.66385740016,-0.026004733779528996
2019-10-24,103734.06443224402,0.0,106503.66385740016,-0.026004733779528996
2019-10-25,103734.06443224402,0.0,106503.66385740016,-0.026004733779528996
2019-10-28,103718.0639520084,-0.0001542451876651585,106503.66385740016,-0.0261549678621522
2019-10-29,103727.83097722307,9.416898891578818e-05,106503.66385740016,-0.026063261860114983
2019-10-30,103835.2682545846,0.0010357613414775368,106503.66385740016,-0.025054495837704877
2019-10-31,103678.99585114965,-0.0015050031271820474,106503.66385740016,-0.026521791870301355
2019-11-01,104032.00404819466,0.0034048188270632274,106503.66385740016,-0.023207274939525513
2019-11-04,104163.6719198245,0.0012656477478685257,106503.66385740016,-0.021970999426918488
2019-11-05,104163.6719198245,0.0,106503.66385740016,-0.021970999426918488
2019-11-06,104163.6719198245,0.0,106503.66385740016,-0.021970999426918488
2019-11-07,104163.6719198245,0.0,106503.66385740016,-0.021970999426918488
2019-11-08,104163.6719198245,0.0,106503.66385740016,-0.021970999426918488
2019-11-11,104163.6719198245,0.0,106503.66385740016,-0.021970999426918488
2019-11-12,104163.6719198245,0.0,106503.66385740016,-0.021970999426918488
2019-11-13,104163.6719198245,0.0,106503.66385740016,-0.021970999426918488
2019-11-14,104163.6719198245,0.0,106503.66385740016,-0.021970999426918488
2019-11-15,104163.6719198245,0.0,106503.66385740016,-0.021970999426918488
2019-11-18,104099.90279021999,-0.0006122012447256076,106503.66385740016,-0.022569749998447092
2019-11-19,104226.060199243,0.0012118878658056165,106503.66385740016,-0.021385214138798847
2019-11-20,104111.37164558572,-0.001100382701198055,106503.66385740016,-0.022462064920297214
2019-11-21,103934.75127295352,-0.0016964561108027132,106503.66385740016,-0.024120415123804567
2019-11-22,104040.26474231825,0.001015189511423431,106503.66385740016,-0.0231297124048258
2019-11-25,104847.36096298117,0.007757537167575546,106503.66385740016,-0.015551604840906157
2019-11-26,104940.12778265163,0.0008847797294888604,106503.66385740016,-0.014680584856141416
2019-11-27,105242.47217898886,0.0028811132855053323,106503.66385740016,-0.011841767998704086
2019-11-29,104989.9882349651,-0.0023990689195739767,106503.66385740016,-0.014212427700719702
2019-12-02,104320.30221496912,-0.006378570292790542,106503.66385740016,-0.020500343024390005
2019-12-03,103492.5077810646,-0.007935123042480563,106503.66385740016,-0.028272793322558817
2019-12-04,103492.5077810646,0.0,106503.66385740016,-0.028272793322558817
2019-12-05,103367.17877222132,-0.0012109959602911724,106503.66385740016,-0.029449551044350337
2019-12-06,103754.85779470373,0.003750504048646741,106503.66385740016,-0.025809497656126265
2019-12-09,103466.06864464551,-0.002783379556354104,106503.66385740016,-0.028521039584344664
2019-12-10,103426.6728622049,-0.0003807604073168269,106503.66385740016,-0.028890940309012292
2019-12-11,103621.04089212656,0.0018792834047809404,106503.66385740016,-0.027065951168902445
2019-12-12,104445.97500407329,0.007961067606004013,106503.66385740016,-0.019320357429974847
2019-12-13,104577.71357036181,0.0012613082149253163,106503.66385740016,-0.01808341814059126
2019-12-16,105016.48330980129,0.0041956333186063954,106503.66385740016,-0.0139636562136499
2019-12-17,105016.48330980129,0.0,106503.66385740016,-0.0139636562136499
2019-12-18,105016.48330980129,0.0,106503.66385740016,-0.0139636562136499
2019-12-19,105016.48330980129,0.0,106503.66385740016,-0.0139636562136499
2019-12-20,105016.48330980129,0.0,106503.66385740016,-0.0139636562136499
2019-12-23,105016.48330980129,0.0,106503.66385740016,-0.0139636562136499
2019-12-24,105016.48330980129,0.0,106503.66385740016,-0.0139636562136499
2019-12-26,105016.48330980129,0.0,106503.66385740016,-0.0139636562136499
2019-12-27,105016.48330980129,0.0,106503.66385740016,-0.0139636562136499
2019-12-30,105016.48330980129,0.0,106503.66385740016,-0.0139636562136499
2019-12-31,105016.48330980129,0.0,106503.66385740016,-0.0139636562136499
2020-01-02,105016.48330980129,0.0,106503.66385740016,-0.0139636562136499
2020-01-03,105016.48330980129,0.0,106503.66385740016,-0.0139636562136499
2020-01-06,105016.48330980129,0.0,106503.66385740016,-0.0139636562136499
2020-01-07,105016.48330980129,0.0,106503.66385740016,-0.0139636562136499
2020-01-08,105016.48330980129,0.0,106503.66385740016,-0.0139636562136499
2020-01-09,105069.86712638577,0.0005083374999999002,106503.66385740016,-0.013462416963740564
2020-01-10,104912.34240142106,-0.0014992378811635731,106503.66385740016,-0.01494147147942014
2020-01-13,105008.16994244127,0.0009134057902695503,106503.66385740016,-0.014041713315714998
2020-01-14,105304.97630694947,0.00282650735338863,106503.66385740016,-0.011254894968267346
2020-01-15,105594.8848107745,0.0027530370737656185,106503.66385740016,-0.008532843037610779
2020-01-16,106320.92939519724,0.006875755257688798,106503.66385740016,-0.001715757520300769
2020-01-17,106232.29548328377,-0.0008336450068453516,106503.66385740016,-0.002547972194456376
2020-01-21,105946.45111736281,-0.0026907482759415124,106503.66385740016,-0.0052318645186085425
2020-01-22,105903.82817704752,-0.00040230644694350115,106503.66385740016,-0.005632066152726652
2020-01-23,105903.82817704752,0.0,106503.66385740016,-0.005632066152726652
2020-01-24,105903.82817704752,0.0,106503.66385740016,-0.005632066152726652
2020-01-27,105903.82817704752,0.0,106503.66385740016,-0.005632066152726652
2020-01-28,105903.82817704752,0.0,106503.66385740016,-0.005632066152726652
2020-01-29,105903.82817704752,0.0,106503.66385740016,-0.005632066152726652
2020-01-30,105903.82817704752,0.0,106503.66385740016,-0.005632066152726652
2020-01-31,105358.36995407446,-0.00515050524954741,106503.66385740016,-0.010753563415988725
2020-02-03,105358.36995407446,0.0,106503.66385740016,-0.010753563415988725
2020-02-04,105653.61632497718,0.0028023057971704457,106503.66385740016,-0.007981392391919237
2020-02-05,106138.65002300886,0.004590791256399385,106503.66385740016,-0.0034272420419265838
2020-02-06,106480.38416134729,0.0032196955422396645,106503.66385740016,-0.00021858117561133423
2020-02-07,105599.14884330139,-0.008276034360568896,106503.66385740016,-0.008492806550860457
2020-02-10,106444.72056361525,0.008007372498509469,106503.66385740016,-0.0005534391179614764
2020-02-11,106661.95746145859,0.0020408423892992467,106661.95746145859,0.0
2020-02-12,107202.67296251505,0.005069431631721466,107202.67296251505,0.0
2020-02-13,107202.67296251505,0.0,107202.67296251505,0.0
2020-02-14,107202.67296251505,0.0,107202.67296251505,0.0
2020-02-18,107202.67296251505,0.0,107202.67296251505,0.0
2020-02-19,107202.67296251505,0.0,107202.67296251505,0.0
2020-02-20,107096.09652235557,-0.0009941584217469934,107202.67296251505,-0.0009941584217470472
2020-02-21,106830.13177672516,-0.00248342147162095,107202.67296251505,-0.0034751109789972444
2020-02-24,105702.77139557083,-0.01055283151302766,107202.67296251505,-0.01399127023137453
2020-02-25,105702.77139557083,0.0,107202.67296251505,-0.01399127023137453
2020-02-26,105702.77139557083,0.0,107202.67296251505,-0.01399127023137453
2020-02-27,105702.77139557083,0.0,107202.67296251505,-0.01399127023137453
2020-02-28,105702.77139557083,0.0,107202.67296251505,-0.01399127023137453
2020-03-02,105702.77139557083,0.0,107202.67296251505,-0.01399127023137453
2020-03-03,105702.77139557083,0.0,107202.67296251505,-0.01399127023137453
2020-03-04,105702.77139557083,0.0,107202.67296251505,-0.01399127023137453
2020-03-05,105509.57324333128,-0.0018277491657863187,107202.67296251505,-0.01579344686466711
2020-03-06,104383.62010930742,-0.010671573198643536,107202.67296251505,-0.026296479139035555
2020-03-09,104383.62010930742,0.0,107202.67296251505,-0.026296479139035555
2020-03-10,104383.62010930742,0.0,107202.67296251505,-0.026296479139035555
2020-03-11,104383.62010930742,0.0,107202.67296251505,-0.026296479139035555
2020-03-12,104383.62010930742,0.0,107202.67296251505,-0.026296479139035555
2020-03-13,104383.62010930742,0.0,107202.67296251505,-0.026296479139035555
2020-03-16,104383.62010930742,0.0,107202.67296251505,-0.026296479139035555
2020-03-17,104383.62010930742,0.0,107202.67296251505,-0.026296479139035555
2020-03-18,104383.62010930742,0.0,107202.67296251505,-0.026296479139035555
2020-03-19,104383.62010930742,0.0,107202.67296251505,-0.026296479139035555
2020-03-20,104383.62010930742,0.0,107202.67296251505,-0.026296479139035555
2020-03-23,104383.62010930742,0.0,107202.67296251505,-0.026296479139035555
2020-03-24,104383.62010930742,0.0,107202.67296251505,-0.026296479139035555
2020-03-25,103305.42550058273,-0.010329155164341186,107202.67296251505,-0.036354013890073866
2020-03-26,106394.556684336,0.029902893955321197,107202.67296251505,-0.007538210156957724
2020-03-27,104202.72615623217,-0.02060096490280816,107202.67296251505,-0.027983880656892356
2020-03-30,106190.97172979162,0.01908055237037143,107202.67296251505,-0.009437276186921029
2020-03-31,105054.55685895127,-0.010701614763748646,107202.67296251505,-0.020037896856498136
2020-04-01,102153.434130164,-0.027615391616780394,107202.67296251505,-0.0470999341044098
2020-04-02,102153.434130164,0.0,107202.67296251505,-0.0470999341044098
2020-04-03,101627.35207286837,-0.00514992042876683,107202.67296251505,-0.05200729362033886
2020-04-06,101627.35207286837,0.0,107202.67296251505,-0.05200729362033886
2020-04-07,99996.63579871414,-0.016046037222193665,107202.67296251505,-0.06721881987327502
2020-04-08,99996.63579871414,0.0,107202.67296251505,-0.06721881987327502
2020-04-09,99996.63579871414,0.0,107202.67296251505,-0.06721881987327502
2020-04-13,99996.63579871414,0.0,107202.67296251505,-0.06721881987327502
2020-04-14,99996.63579871414,0.0,107202.67296251505,-0.06721881987327502
2020-04-15,99996.63579871414,0.0,107202.67296251505,-0.06721881987327502
2020-04-16,99996.63579871414,0.0,107202.67296251505,-0.06721881987327502
2020-04-17,99996.63579871414,0.0,107202.67296251505,-0.06721881987327502
2020-04-20,99996.63579871414,0.0,107202.67296251505,-0.06721881987327502
2020-04-21,99996.63579871414,0.0,107202.67296251505,-0.06721881987327502
2020-04-22,99996.63579871414,0.0,107202.67296251505,-0.06721881987327502
2020-04-23,99599.39990286078,-0.0039724926011808215,107202.67296251505,-0.07092428620984909
2020-04-24,100792.08168131346,0.011974788800092284,107202.67296251505,-0.059798800757917145
2020-04-27,102832.22766112245,0.020241133487644003,107202.67296251505,-0.04076806277881508
2020-04-28,102503.73610132937,-0.0031944417354801136,107202.67296251505,-0.043832273313079866
2020-04-29,106283.11130927583,0.036870609323063075,107202.67296251505,-0.008577786615085185
2020-04-30,104549.12443047363,-0.016314792232196007,107202.67296251505,-0.02475263404084399
2020-05-01,103110.17992280451,-0.01376333389215556,107202.67296251505,-0.038175289165985005
2020-05-04,103076.78192442934,-0.00032390592665243467,107202.67296251505,-0.03848682989022475
2020-05-05,103099.05773207368,0.0002161088775616271,107202.67296251505,-0.0382790383582717
2020-05-06,102862.84650853417,-0.002291109431410754,107202.67296251505,-0.04048244632387437
2020-05-07,103677.4908745133,0.007919714392810917,107202.67296251505,-0.03288334134387095
2020-05-08,104691.64555548436,0.00978182122673621,107202.67296251505,-0.0234231790834983
2020-05-11,105147.92616045174,0.0043583287142578975,107202.67296251505,-0.01916693628321918
2020-05-12,102983.86110708387,-0.02058114822032342,107202.67296251505,-0.039353606946968094
2020-05-13,102641.9118229463,-0.0033204162328114295,107202.67296251505,-0.04254335282445315
2020-05-14,102641.9118229463,0.0,107202.67296251505,-0.04254335282445315
2020-05-15,103300.64077330672,0.006417738511113269,107202.67296251505,-0.036398646427153285
2020-05-18,103926.53901383313,0.006058996690058827,107202.67296251505,-0.0305601890153193
2020-05-19,102831.04938095795,-0.010540999856921585,107202.67296251505,-0.04077905392420298
2020-05-20,104042.02595494827,0.011776370865418384,107202.67296251505,-0.029482912321336804
2020-05-21,103541.79043835035,-0.004808013992485427,107202.67296251505,-0.034149172058842034
2020-05-22,103630.56341309103,0.000857363721110671,107202.67296251505,-0.03332108659896058
2020-05-26,104407.88492090185,0.007500890492240897,107202.67296251505,-0.026070133928380996
2020-05-27,105172.73824171523,0.007325627958011172,107202.67296251505,-0.018935486072344646
2020-05-28,105172.73824171523,0.0,107202.67296251505,-0.018935486072344646
2020-05-29,105172.73824171523,0.0,107202.67296251505,-0.018935486072344646
2020-06-01,105172.73824171523,0.0,107202.67296251505,-0.018935486072344646
2020-06-02,105172.73824171523,0.0,107202.67296251505,-0.018935486072344646
2020-06-03,105172.73824171523,0.0,107202.67296251505,-0.018935486072344646
2020-06-04,105172.73824171523,0.0,107202.67296251505,-0.018935486072344646
2020-06-05,105172.73824171523,0.0,107202.67296251505,-0.018935486072344646
2020-06-08,105172.73824171523,0.0,107202.67296251505,-0.018935486072344646
2020-06-09,105172.73824171523,0.0,107202.67296251505,-0.018935486072344646
2020-06-10,105172.73824171523,0.0,107202.67296251505,-0.018935486072344646
2020-06-11,105172.73824171523,0.0,107202.67296251505,-0.018935486072344646
2020-06-12,105172.73824171523,0.0,107202.67296251505,-0.018935486072344646
2020-06-15,105172.73824171523,0.0,107202.67296251505,-0.018935486072344646
2020-06-16,105172.73824171523,0.0,107202.67296251505,-0.018935486072344646
2020-06-17,105047.20869444002,-0.0011935559478037927,107202.67296251505,-0.020106441458122175
2020-06-18,105139.28714700606,0.0008765435437116942,107202.67296251505,-0.019247522085857657
2020-06-19,105133.53224372068,-5.4735993000654126e-05,107202.67296251505,-0.019301204546624266
2020-06-22,105537.81419951843,0.0038454139908523643,107202.67296251505,-0.01553001167777563
2020-06-23,105317.02424749035,-0.00209204590508838,107202.67296251505,-0.017589568085527512
2020-06-24,103712.3608483987,-0.015236505309158432,107202.67296251505,-0.03255806984716492
2020-06-25,103712.3608483987,0.0,107202.67296251505,-0.03255806984716492
2020-06-26,103712.3608483987,0.0,107202.67296251505,-0.03255806984716492
2020-06-29,103712.3608483987,0.0,107202.67296251505,-0.03255806984716492
2020-06-30,104309.39967192229,0.005756679518619023,107202.67296251505,-0.02698881670240097
2020-07-01,104421.43585078833,0.00107407557917516,107202.67296251505,-0.025943729152156654
2020-07-02,104963.14237664526,0.005187694666744402,107202.67296251505,-0.020890622630770288
2020-07-06,106527.64300075985,0.014905238054903291,107202.67296251505,-0.006296764279293927
2020-07-07,106527.64300075985,0.0,107202.67296251505,-0.006296764279293927
2020-07-08,106527.64300075985,0.0,107202.67296251505,-0.006296764279293927
2020-07-09,105985.76731597564,-0.005086714298000006,107202.67296251505,-0.011351448736403412
2020-07-10,105985.76731597564,0.0,107202.67296251505,-0.011351448736403412
2020-07-13,105440.05957599329,-0.0051488775691497235,107202.67296251505,-0.016441879085776892
2020-07-14,106080.95118181447,0.0060782553461975475,107202.67296251505,-0.010463561679033936
2020-07-15,106868.44612993329,0.007423528346471198,107202.67296251505,-0.003117709879292133
2020-07-16,106659.77978282339,-0.0019525533931333827,107202.67296251505,-0.005064175777421977
2020-07-17,106678.57125904871,0.00017618146468700857,107202.67296251505,-0.0048888865266409716
2020-07-20,106601.76482844517,-0.0007199799331493173,107202.67296251505,-0.005605346559595505
2020-07-21,106658.89632244807,0.0005359338477637365,107202.67296251505,-0.005072416806781657
2020-07-22,106844.42486549816,0.0017394568052646608,107202.67296251505,-0.003341783251450737
2020-07-23,106342.69618380934,-0.004695880784799433,107202.67296251505,-0.00802197142049256
2020-07-24,105953.27373205576,-0.0036619576682583865,107202.67296251505,-0.011654552968993164
2020-07-27,106196.43640381312,0.00229499913681086,107202.67296251505,-0.009386301021186061
2020-07-28,106126.51163231552,-0.0006584474382144156,107202.67296251505,-0.010038568073538793
2020-07-29,106326.89012879995,0.0018881097041862915,107202.67296251505,-0.008169412287148198
2020-07-30,106453.34165817667,0.0011892713990180326,107202.67296251505,-0.006989856536510025
2020-07-31,106398.71333474986,-0.0005131668257274402,107202.67296251505,-0.007499436399746331
2020-08-03,107042.40661758198,0.0060498220575933015,107202.67296251505,-0.0014949845979037439
2020-08-04,107431.81558293593,0.003637894341680381,107431.81558293593,0.0
2020-08-05,108163.11719937186,0.006807123313217867,108163.11719937186,0.0
2020-08-06,108649.16022332711,0.004493611468864733,108649.16022332711,0.0
2020-08-07,108788.31728337899,0.0012807927807803043,108788.31728337899,0.0
2020-08-10,109190.00106684196,0.003692343015258226,109190.00106684196,0.0
2020-08-11,108522.20782227852,-0.00611588275518582,109190.00106684196,-0.006115882755185966
2020-08-12,109217.10894310106,0.006403307993517293,109217.10894310106,0.0
2020-08-13,109174.4930974832,-0.0003901938627588475,109217.10894310106,-0.0003901938627588918
2020-08-14,109164.83845458698,-8.843313691964116e-05,109217.10894310106,-0.00047859249361119897
2020-08-17,109114.13129651864,-0.00046450082999427433,109217.10894310106,-0.0009428710169949067
2020-08-18,109058.34509218176,-0.0005112647067251341,109217.10894310106,-0.0014536536670460398
2020-08-19,109058.34509218176,0.0,109217.10894310106,-0.0014536536670460398
2020-08-20,109058.34509218176,0.0,109217.10894310106,-0.0014536536670460398
2020-08-21,109058.34509218176,0.0,109217.10894310106,-0.0014536536670460398
2020-08-24,109141.171367933,0.0007594675646438453,109217.10894310106,-0.0006952901052125899
2020-08-25,109106.72032818655,-0.0003156557632161272,109217.10894310106,-0.0010107263960999026
2020-08-26,109154.5299343653,0.00043819121347365986,109217.10894310106,-0.0005729780740521326
2020-08-27,109259.99230093606,0.0009661748956655281,109259.99230093606,0.0
2020-08-28,109364.751585063,0.0009588073540991449,109364.751585063,0.0
2020-08-31,108981.73908268577,-0.0035021567445276958,109364.751585063,-0.00350215674452772
2020-09-01,109374.31475267219,0.0036022151352215204,109374.31475267219,0.0
2020-09-02,109787.53547987212,0.0037780417471355854,109787.53547987212,0.0
2020-09-03,108767.87418659746,-0.009287587054557789,109787.53547987212,-0.009287587054557794
2020-09-04,108497.75987724205,-0.0024834015684818134,109787.53547987212,-0.011747923814780762
2020-09-08,108090.73666199278,-0.003751443492564066,109787.53547987212,-0.01545529563499882
2020-09-09,108090.73666199278,0.0,109787.53547987212,-0.01545529563499882
2020-09-10,108090.73666199278,0.0,109787.53547987212,-0.01545529563499882
2020-09-11,108090.73666199278,0.0,109787.53547987212,-0.01545529563499882
2020-09-14,108090.73666199278,0.0,109787.53547987212,-0.01545529563499882
2020-09-15,108090.73666199278,0.0,109787.53547987212,-0.01545529563499882
2020-09-16,108162.82057304338,0.0006668833359515514,109787.53547987212,-0.014798719178158497
2020-09-17,108145.91544570927,-0.00015629332930267026,109787.53547987212,-0.014952699566371297
2020-09-18,107944.62081149501,-0.0018613244280621943,109787.53547987212,-0.016786192169465183
2020-09-21,106994.76920407022,-0.008799434379259341,109787.53547987212,-0.025437917552251738
2020-09-22,106994.76920407022,0.0,109787.53547987212,-0.025437917552251738
2020-09-23,106456.84880832478,-0.005027539194177533,109787.53547987212,-0.03033756661891709
2020-09-24,106456.84880832478,0.0,109787.53547987212,-0.03033756661891709
2020-09-25,106456.84880832478,0.0,109787.53547987212,-0.03033756661891709
2020-09-28,106484.2438618039,0.0002573348148642296,109787.53547987212,-0.03008803871614215
2020-09-29,106171.240367658,-0.002939434819597686,109787.53547987212,-0.03293903170708406
2020-09-30,106592.7169871905,0.003969781440557707,109787.53547987212,-0.0291000110232672
2020-10-01,107353.01542805122,0.007132742858520835,109787.53547987212,-0.022174831060555452
2020-10-02,106701.21539158677,-0.006071557784059545,109787.53547987212,-0.028111753076479125
2020-10-05,108151.85557014961,0.013595348218284897,109787.53547987212,-0.014898593930295419
2020-10-06,107301.60518753904,-0.007861634718408395,109787.53547987212,-0.022643101345405835
2020-10-07,108616.80612079074,0.012257048074472143,109787.53547987212,-0.010663590852679395
2020-10-08,109166.81899436795,0.005063791628761027,109787.53547987212,-0.005653797426010864
2020-10-09,109788.37583298449,0.005693642485347095,109788.37583298449,0.0
2020-10-12,110915.8104396006,0.010269161904090884,110915.8104396006,0.0
2020-10-13,110538.75836657816,-0.0033994438802551485,110915.8104396006,-0.0033994438802551273
2020-10-14,110538.75836657816,0.0,110915.8104396006,-0.0033994438802551273
2020-10-15,110538.75836657816,0.0,110915.8104396006,-0.0033994438802551273
2020-10-16,110538.75836657816,0.0,110915.8104396006,-0.0033994438802551273
2020-10-19,110538.75836657816,0.0,110915.8104396006,-0.0033994438802551273
2020-10-20,110538.75836657816,0.0,110915.8104396006,-0.0033994438802551273
2020-10-21,110538.75836657816,0.0,110915.8104396006,-0.0033994438802551273
2020-10-22,110538.75836657816,0.0,110915.8104396006,-0.0033994438802551273
2020-10-23,110514.97502098097,-0.0002151584290309705,110915.8104396006,-0.0036138708902812245
2020-10-26,109979.68261068221,-0.004843618796431359,110915.8104396006,-0.00843998547374049
2020-10-27,109979.68261068221,0.0,110915.8104396006,-0.00843998547374049
2020-10-28,109979.68261068221,0.0,110915.8104396006,-0.00843998547374049
2020-10-29,109979.68261068221,0.0,110915.8104396006,-0.00843998547374049
2020-10-30,109979.68261068221,0.0,110915.8104396006,-0.00843998547374049
2020-11-02,109979.68261068221,0.0,110915.8104396006,-0.00843998547374049
2020-11-03,109979.68261068221,0.0,110915.8104396006,-0.00843998547374049
2020-11-04,110428.49072397564,0.004080827500495543,110915.8104396006,-0.004393600098070081
2020-11-05,111383.7349432775,0.008650342072405559,111383.7349432775,0.0
2020-11-06,111193.54048946395,-0.0017075603894087799,111383.7349432775,-0.0017075603894087426
2020-11-09,112299.49982633354,0.009946255259084769,112299.49982633354,0.0
2020-11-10,112533.54639546725,0.002084128330897661,112533.54639546725,0.0
2020-11-11,112653.63500742198,0.0010671361189731332,112653.63500742198,0.0
2020-11-12,111971.30414847351,-0.006056891629848571,112653.63500742198,-0.006056891629848534
2020-11-13,112873.80633997594,0.008060120388574843,112873.80633997594,0.0
2020-11-16,113884.15711725237,0.008951153593892647,113884.15711725237,0.0
2020-11-17,113797.86972642175,-0.0007576768623029917,113884.15711725237,-0.0007576768623029944
2020-11-18,113018.25488904845,-0.006850873739970287,113884.15711725237,-0.007603359853753936
2020-11-19,113096.33464456876,0.0006908596810044632,113884.15711725237,-0.006917753027512705
2020-11-20,112966.6318222847,-0.0011468348880773194,113884.15711725237,-0.008056654395070978
2020-11-23,112967.281640907,5.752305896056242e-06,113884.15711725237,-0.008050948433515502
2020-11-24,113443.70089367699,0.004217320677719849,113884.15711725237,-0.0038675811870996306
2020-11-25,113412.37111387048,-0.0002761702902823737,113884.15711725237,-0.0041426833663627816
2020-11-27,113684.73033873053,0.0024014948473882747,113884.15711725237,-0.0017511371517331853
2020-11-30,113499.48942031649,-0.0016294265541387798,113884.15711725237,-0.0033777103564970575
2020-12-01,114022.82777208634,0.004610931330552459,114022.82777208634,0.0
2020-12-02,114145.13215901554,0.0010726307119277578,114145.13215901554,0.0
2020-12-03,114215.80259738224,0.0006191279210072675,114215.80259738224,0.0
2020-12-04,114611.52083283717,0.003464653983563437,114611.52083283717,0.0
2020-12-07,114586.47096943954,-0.00021856322309998788,114611.52083283717,-0.00021856322310005502
2020-12-08,114707.27331660243,0.001054246161356076,114707.27331660243,0.0
2020-12-09,114426.34326108608,-0.002449104118628642,114707.27331660243,-0.0024491041186286214
2020-12-10,114426.34326108608,0.0,114707.27331660243,-0.0024491041186286214
2020-12-11,114426.34326108608,0.0,114707.27331660243,-0.0024491041186286214
2020-12-14,114426.34326108608,0.0,114707.27331660243,-0.0024491041186286214
2020-12-15,114426.34326108608,0.0,114707.27331660243,-0.0024491041186286214
2020-12-16,114462.85556278715,0.00031908999851348874,114707.27331660243,-0.002130795604744762
2020-12-17,114774.93894572217,0.002726503557862303,114774.93894572217,0.0
2020-12-18,114588.63275087815,-0.0016232306159806864,114774.93894572217,-0.001623230615980731
2020-12-21,114475.87324076185,-0.0009840374861741497,114774.93894572217,-0.0026056707823800106
2020-12-22,114390.90679270445,-0.0007422214450263365,114774.93894572217,-0.003345958242672892
2020-12-23,114381.40452694878,-8.306836637705928e-05,114774.93894572217,-0.0034287486657648436
2020-12-24,114587.10940558328,0.00179841189645491,114774.93894572217,-0.0016365030717003075
2020-12-28,115060.45433449285,0.004130874156482722,115060.45433449285,0.0
2020-12-29,115016.86322297693,-0.00037885398391701575,115060.45433449285,-0.00037885398391702155
2020-12-30,115076.31630053565,0.000516907485500262,115076.31630053565,0.0
2020-12-31,115308.3373899239,0.002016236675340677,115308.3373899239,0.0
2021-01-04,115308.3373899239,0.0,115308.3373899239,0.0
2021-01-05,115308.3373899239,0.0,115308.3373899239,0.0
2021-01-06,115772.89925301238,0.004028866200000092,115772.89925301238,0.0
2021-01-07,116873.36440571674,0.009505377854444053,116873.36440571674,0.0
2021-01-08,117219.9351445759,0.0029653526329238566,117219.9351445759,0.0
2021-01-11,116741.84371608977,-0.0040785846528276215,117219.9351445759,-0.0040785846528276605
2021-01-12,117077.51781706557,0.002875353774539846,117219.9351445759,-0.0012149582520641245
2021-01-13,117118.93657185606,0.000353772061133073,117219.9351445759,-0.0008616160092160729
2021-01-14,117315.95239712048,0.0016821859131510575,117315.95239712048,0.0
2021-01-15,116599.41485774574,-0.006107758789266948,117315.95239712048,-0.006107758789266971
2021-01-19,117360.70356286148,0.006529095416512476,117360.70356286148,0.0
2021-01-20,118303.29156685539,0.008031546977639303,118303.29156685539,0.0
2021-01-21,118284.73418896088,-0.00015686273516757332,118303.29156685539,-0.00015686273516763263
2021-01-22,118500.78615233667,0.0018265413948570508,118500.78615233667,0.0
2021-01-25,118500.78615233667,0.0,118500.78615233667,0.0
2021-01-26,118500.78615233667,0.0,118500.78615233667,0.0
2021-01-27,118500.78615233667,0.0,118500.78615233667,0.0
2021-01-28,118500.78615233667,0.0,118500.78615233667,0.0
2021-01-29,118500.78615233667,0.0,118500.78615233667,0.0
2021-02-01,118500.78615233667,0.0,118500.78615233667,0.0
2021-02-02,118500.78615233667,0.0,118500.78615233667,0.0
2021-02-03,118289.87300302878,-0.001779845992217921,118500.78615233667,-0.0017798459922177528
2021-02-04,119295.80529624283,0.008503959533275651,119295.80529624283,0.0
2021-02-05,119762.83865517325,0.00391491853188497,119762.83865517325,0.0
2021-02-08,120695.86759799755,0.007790638175425357,120695.86759799755,0.0
2021-02-09,120787.68762706115,0.0007607553671136191,120787.68762706115,0.0
2021-02-10,120634.70805584596,-0.001266516266852702,120787.68762706115,-0.0012665162668527136
2021-02-11,120755.48200842814,0.001001154265870774,120787.68762706115,-0.00026662997914532667
2021-02-12,121042.27690518436,0.0023750051921966886,121042.27690518436,0.0
2021-02-16,120881.54861369653,-0.0013278690354918687,121042.27690518436,-0.0013278690354918993
2021-02-17,120696.32883134708,-0.0015322419713644786,121042.27690518436,-0.002858076390187791
2021-02-18,120122.23633384157,-0.004756503392143063,121042.27690518436,-0.0076009853322858605
2021-02-19,120109.90479900777,-0.00010265821891253246,121042.27690518436,-0.007702863247582075
2021-02-22,120109.90479900777,0.0,121042.27690518436,-0.007702863247582075
2021-02-23,120109.90479900777,0.0,121042.27690518436,-0.007702863247582075
2021-02-24,120109.90479900777,0.0,121042.27690518436,-0.007702863247582075
2021-02-25,119087.52821429525,-0.00851200895066373,121042.27690518436,-0.016149305357336607
2021-02-26,118892.66996997394,-0.001636260717164717,121042.27690518436,-0.017759141600535724
2021-03-01,118892.66996997394,0.0,121042.27690518436,-0.017759141600535724
2021-03-02,118258.92268105806,-0.005330415147341894,121042.27690518436,-0.02299489315048643
2021-03-03,117725.41406562236,-0.004511360355231364,121042.27690518436,-0.027402515256385918
2021-03-04,117060.33335183648,-0.005649423440678203,121042.27690518436,-0.032897130285041196
2021-03-05,117060.33335183648,0.0,121042.27690518436,-0.032897130285041196
2021-03-08,117140.57989460709,0.0006855143879473946,121042.27690518436,-0.03223416735322635
2021-03-09,117162.2693928701,0.00018515785291950415,121042.27690518436,-0.032054977909524725
2021-03-10,117532.84100867699,0.0031628920959549944,121042.27690518436,-0.028993472249835582
2021-03-11,118281.21518000505,0.006367362218980377,121042.27690518436,-0.022810721970655992
2021-03-12,118700.13078485266,0.003541691757309895,121042.27690518436,-0.01934981875932792
2021-03-15,119184.84091190496,0.004083484355470901,121042.27690518436,-0.015345349086041914
2021-03-16,118852.61453021712,-0.002787488569401253,121042.27690518436,-0.01809006267027234
2021-03-17,119276.58022513239,0.0035671549724931584,121042.27690518436,-0.014587437754786207
2021-03-18,117727.87394564832,-0.01298416065048913,121042.27690518436,-0.02738219276998819
2021-03-19,117749.14833389675,0.0001807081665150534,121042.27690518436,-0.027206432789323748
2021-03-22,118158.10486142151,0.0034731166493457977,121042.27690518436,-0.02382780725466774
2021-03-23,117383.77000485416,-0.006553379114158209,121042.27690518436,-0.03022503371442699
2021-03-24,116955.08874665426,-0.003651963624802468,121042.27690518436,-0.033766616615545864
2021-03-25,116922.71016551516,-0.0002768462790809778,121042.27690518436,-0.034034114732459694
2021-03-26,117194.32380871812,0.002323018708841662,121042.27690518436,-0.03179015790888042
2021-03-29,117381.50247793025,0.0015971649746246985,121042.27690518436,-0.03024376706100546
2021-03-30,117271.15239904808,-0.0009400976861997368,121042.27690518436,-0.031155432651769333
2021-03-31,117318.94770489621,0.00040756234479122355,121042.27690518436,-0.03076056808816256
2021-04-01,117782.49110709467,0.00395113842449768,121042.27690518436,-0.026930968926197348
2021-04-05,118765.44856000881,0.008345531187826438,121042.27690518436,-0.018810190979462956
2021-04-06,118635.39228626671,-0.0010950682653834143,121042.27690518436,-0.019884660801639014
2021-04-07,118395.56247532941,-0.0020215705137855977,121042.27690518436,-0.021866033071471346
2021-04-08,118898.41060385312,0.004247187293261012,121042.27690518436,-0.017711714916025537
2021-04-09,119323.18345713012,0.0035725696510129357,121042.27690518436,-0.014202421600189004
2021-04-12,119211.08069151962,-0.0009394885584054213,121042.27690518436,-0.015128567145999522
2021-04-13,119388.70652621229,0.0014900111102282843,121042.27690518436,-0.013661097768900676
2021-04-14,119333.1394384241,-0.0004654300176709647,121042.27690518436,-0.014120169501595527
2021-04-15,119717.32375693986,0.003219426894521593,121042.27690518436,-0.010946201460522532
2021-04-16,119751.65598417769,0.00028677743671856604,121042.27690518436,-0.010662563147400567
2021-04-19,119751.65598417769,0.0,121042.27690518436,-0.010662563147400567
2021-04-20,119751.65598417769,0.0,121042.27690518436,-0.010662563147400567
2021-04-21,119751.65598417769,0.0,121042.27690518436,-0.010662563147400567
2021-04-22,119197.59946914243,-0.004626712762188956,121042.27690518436,-0.015239943292597855
2021-04-23,120010.41947023774,0.006819097068357705,121042.27690518436,-0.008524768876868559
2021-04-26,120299.9942665151,0.0024129137916160115,121042.27690518436,-0.0061324246176458755
2021-04-27,120237.90072683063,-0.0005161557992006127,121042.27690518436,-0.006645415130317014
2021-04-28,120118.91405347794,-0.0009895937356974027,121042.27690518436,-0.007628432604830422
2021-04-29,120361.70728868619,0.002021273977719673,121042.27690518436,-0.005622577779425667
2021-04-30,119742.68601024212,-0.005143008456662601,121042.27690518436,-0.010736669271020478
2021-05-03,119902.43418086208,0.0013340954336560351,121042.27690518436,-0.009416897578811676
2021-05-04,119132.2458008647,-0.006423459083704786,121042.27690518436,-0.01577986760622364
2021-05-05,119105.50579742399,-0.00022445647071422936,121042.27690518436,-0.01600078218354649
2021-05-06,119438.94107748645,0.002799495101675431,121042.27690518436,-0.01324608119321688
2021-05-07,119573.43672221804,0.0011260619318815834,121042.27690518436,-0.012134935169113693
2021-05-10,119555.78136685443,-0.00014765282196116392,121042.27690518436,-0.012280796233652726
2021-05-11,119555.78136685443,0.0,121042.27690518436,-0.012280796233652726
2021-05-12,119555.78136685443,0.0,121042.27690518436,-0.012280796233652726
2021-05-13,119555.78136685443,0.0,121042.27690518436,-0.012280796233652726
2021-05-14,119555.78136685443,0.0,121042.27690518436,-0.012280796233652726
2021-05-17,119685.4090913952,0.00108424471873092,121042.27690518436,-0.011209866903379882
2021-05-18,119229.7336036977,-0.0038072768531837164,121042.27690518436,-0.014974464689775053
2021-05-19,118922.85199456818,-0.0025738681103621985,121042.27690518436,-0.017509790503002432
2021-05-20,119366.71990851696,0.003732402196081175,121042.27690518436,-0.013842741887447448
2021-05-21,119281.64759651828,-0.0007126970738903227,121042.27690518436,-0.014545573279699917
2021-05-24,120034.20746049358,0.006309100177094518,121042.27690518436,-0.008328242581560449
2021-05-25,119794.13550204776,-0.0020000295209582353,121042.27690518436,-0.010311615371497867
2021-05-26,120262.12592017851,0.00390662210774706,121042.27690518436,-0.006445276848327656
2021-05-27,120460.08727380952,0.0016460822733368463,121042.27690518436,-0.0048098040309576175
2021-05-28,120636.62433835349,0.0014655232993705525,121042.27690518436,-0.0033513296114599154
2021-06-01,120752.92400458164,0.000964049407599088,121042.27690518436,-0.0023905110511873605
2021-06-02,120790.81432424794,0.0003137838688267447,121042.27690518436,-0.002077477286166715
2021-06-03,120586.08437121214,-0.0016949132612537054,121042.27690518436,-0.003768869403618124
2021-06-04,120917.31910119843,0.00274687358589909,121042.27690518436,-0.001032348425532479
2021-06-07,120965.73009591404,0.0004003644397301276,121042.27690518436,-0.0006323973014014292
2021-06-08,120965.73009591404,0.0,121042.27690518436,-0.0006323973014014292
2021-06-09,120965.73009591404,0.0,121042.27690518436,-0.0006323973014014292
2021-06-10,120965.73009591404,0.0,121042.27690518436,-0.0006323973014014292
2021-06-11,120965.73009591404,0.0,121042.27690518436,-0.0006323973014014292
2021-06-14,120965.73009591404,0.0,121042.27690518436,-0.0006323973014014292
2021-06-15,120965.73009591404,0.0,121042.27690518436,-0.0006323973014014292
2021-06-16,120965.73009591404,0.0,121042.27690518436,-0.0006323973014014292
2021-06-17,120965.73009591404,0.0,121042.27690518436,-0.0006323973014014292
2021-06-18,120965.73009591404,0.0,121042.27690518436,-0.0006323973014014292
2021-06-21,120965.73009591404,0.0,121042.27690518436,-0.0006323973014014292
2021-06-22,120965.73009591404,0.0,121042.27690518436,-0.0006323973014014292
2021-06-23,120928.40680499686,-0.00030854433638027867,121042.27690518436,-0.0009407465151758422
2021-06-24,121185.34090122257,0.0021246794116789314,121185.34090122257,0.0
2021-06-25,121321.8181197322,0.0011261858694679994,121321.8181197322,0.0
2021-06-28,121109.86986477578,-0.0017469920764559,121321.8181197322,-0.0017469920764560378
2021-06-29,121029.77669362474,-0.0006613265396162582,121321.8181197322,-0.002407163283847651
2021-06-30,121168.29659933125,0.001144510958300593,121321.8181197322,-0.001265407350303914
2021-07-01,121531.27571460101,0.0029956607912877686,121531.27571460101,0.0
2021-07-02,121585.71278068278,0.00044792639394009015,121585.71278068278,0.0
2021-07-06,121112.5376961238,-0.0038916997214343274,121585.71278068278,-0.0038916997214342706
2021-07-07,121112.5376961238,0.0,121585.71278068278,-0.0038916997214342706
2021-07-08,121112.5376961238,0.0,121585.71278068278,-0.0038916997214342706
2021-07-09,121112.5376961238,0.0,121585.71278068278,-0.0038916997214342706
2021-07-12,121216.66362512352,0.000859745250000099,121585.71278068278,-0.0030353003417840176
2021-07-13,121158.602274552,-0.00047898819217695454,121585.71278068278,-0.0035128346609375103
2021-07-14,121181.45621041526,0.00018862825613874534,121585.71278068278,-0.003324869024674973
2021-07-15,121211.72223358552,0.00024975787646686065,121585.71278068278,-0.003075941560435361
2021-07-16,121042.47957340894,-0.0013962565423368822,121585.71278068278,-0.004467903299244736
2021-07-19,120653.96266373356,-0.0032097566990088033,121585.71278068278,-0.007663319115708232
2021-07-20,120948.59313418691,0.002441946074116963,121585.71278068278,-0.005240086453620617
2021-07-21,121112.89440282546,0.0013584388572116524,121585.71278068278,-0.003888765933462825
2021-07-22,120987.74534169423,-0.001033325656597639,121585.71278068278,-0.004918073228448854
2021-07-23,121639.77891088888,0.00538925299709625,121639.77891088888,0.0
2021-07-26,121799.24824344537,0.0013109965669479973,121799.24824344537,0.0
2021-07-27,121260.61234329564,-0.004422325325630361,121799.24824344537,-0.004422325325630405
2021-07-28,121612.49271031794,0.0029018521366699357,121799.24824344537,-0.0015333061231556867
2021-07-29,121880.15141862638,0.0022009145799355423,121880.15141862638,0.0
2021-07-30,121549.82908331398,-0.0027102225544324288,121880.15141862638,-0.0027102225544324626
2021-08-02,121412.53591058166,-0.001129521725927063,121880.15141862638,-0.003836683025102126
2021-08-03,121773.37860539347,0.0029720382010436364,121880.15141862638,-0.0008760475925745283
2021-08-04,121358.7288861774,-0.003405093329632791,121880.15141862638,-0.004278157898393414
2021-08-05,122075.65391117317,0.005907486272933582,122075.65391117317,0.0
2021-08-06,122159.03989337693,0.0006830680773124431,122159.03989337693,0.0
2021-08-09,122105.91993434342,-0.00043484263694182346,122159.03989337693,-0.0004348426369418146
2021-08-10,122195.4826559697,0.0007334838611792183,122195.4826559697,0.0
2021-08-11,122320.25279230425,0.0010210699579282778,122320.25279230425,0.0
2021-08-12,122336.92998874499,0.00013634043471988377,122336.92998874499,0.0
2021-08-13,122386.68696749928,0.0004067208385796217,122386.68696749928,0.0
2021-08-16,122462.30963603672,0.0006178994661203419,122462.30963603672,0.0
2021-08-17,122131.78140941025,-0.002699020029989785,122462.30963603672,-0.0026990200299897463
2021-08-18,121721.58591866055,-0.0033586302108755683,122462.30963603672,-0.006048585230652849
2021-08-19,121816.29592313894,0.0007780871713392035,122462.30963603672,-0.005275204385886246
2021-08-20,122019.64387393073,0.0016693000657326262,122462.30963603672,-0.003614710219181784
2021-08-23,122399.10425448479,0.0031098302577092785,122462.30963603672,-0.0005161210966850225
2021-08-24,122583.35071733566,0.0015052925752445656,122583.35071733566,0.0
2021-08-25,122742.98915327291,0.0013022848127668407,122742.98915327291,0.0
2021-08-26,122172.11309558846,-0.004650987087919001,122742.98915327291,-0.004650987087918971
2021-08-27,123226.01178690935,0.00862634413547636,123226.01178690935,0.0
2021-08-30,123202.90351471695,-0.00018752755085815753,123226.01178690935,-0.00018752755085804009
2021-08-31,123204.36897642308,1.1894701052783674e-05,123226.01178690935,-0.00017563508038950267
2021-09-01,123330.99213458436,0.0010277489281691476,123330.99213458436,0.0
2021-09-02,123607.27405557674,0.0022401662081084073,123607.27405557674,0.0
2021-09-03,123467.25585074627,-0.001132766707301669,123607.27405557674,-0.0011327667073016674
2021-09-07,123093.47538176256,-0.003027365161784701,123607.27405557674,-0.004156702570620247
2021-09-08,122811.55149981349,-0.002290323521004778,123607.27405557674,-0.006437505897957694
2021-09-09,122811.55149981349,0.0,123607.27405557674,-0.006437505897957694
2021-09-10,122811.55149981349,0.0,123607.27405557674,-0.006437505897957694
2021-09-13,122811.55149981349,0.0,123607.27405557674,-0.006437505897957694
2021-09-14,122811.55149981349,0.0,123607.27405557674,-0.006437505897957694
2021-09-15,122811.55149981349,0.0,123607.27405557674,-0.006437505897957694
2021-09-16,122811.55149981349,0.0,123607.27405557674,-0.006437505897957694
2021-09-17,122811.55149981349,0.0,123607.27405557674,-0.006437505897957694
2021-09-20,122811.55149981349,0.0,123607.27405557674,-0.006437505897957694
2021-09-21,122811.55149981349,0.0,123607.27405557674,-0.006437505897957694
2021-09-22,122811.55149981349,0.0,123607.27405557674,-0.006437505897957694
2021-09-23,122811.55149981349,0.0,123607.27405557674,-0.006437505897957694
2021-09-24,122975.02196066594,0.0013310674676454415,123607.27405557674,-0.005115007184985932
2021-09-27,123262.9334829768,0.002341219523448901,123607.27405557674,-0.0027857630162211097
2021-09-28,121497.99680489251,-0.01431847051026125,123607.27405557674,-0.01706434566088602
2021-09-29,121487.26458776991,-8.833246147954554e-05,123607.27405557674,-0.017151170786709698
2021-09-30,120741.06602051655,-0.006142195807810391,123607.27405557674,-0.023188020745215008
2021-10-01,121289.541984928,0.004542580105415528,123607.27405557674,-0.018750774081520722
2021-10-04,120924.48457380435,-0.0030098012173961353,123607.27405557674,-0.02170413919625912
2021-10-05,121173.16494745582,0.002056493145519145,123607.27405557674,-0.019692280464226428
2021-10-06,121127.14218313129,-0.0003798098724621113,123607.27405557674,-0.02006461101415699
2021-10-07,121636.1055115455,0.004201893310127769,123607.27405557674,-0.01594702705881985
2021-10-08,121208.39633033531,-0.0035163011789257625,123607.27405557674,-0.019407253687698325
2021-10-11,120918.33180255309,-0.0023931058950048545,123607.27405557674,-0.021753915969497363
2021-10-12,120803.12955669654,-0.0009527277141455626,123607.27405557674,-0.02268591812500765
2021-10-13,121078.02344322816,0.002275552690897742,123607.27405557674,-0.0204619884361447
2021-10-14,122054.54172341825,0.008065198393728101,123607.27405557674,-0.01256182003868429
2021-10-15,122265.30176151704,0.0017267693206892698,123607.27405557674,-0.010856742083449847
2021-10-18,122511.12387927886,0.002010563211476857,123607.27405557674,-0.008868007038202447
2021-10-19,122892.38614794628,0.0031120624527378737,123607.27405557674,-0.005783542377198836
2021-10-20,123077.25232548564,0.0015042931733524334,123607.27405557674,-0.0042879493471621455
2021-10-21,123305.40412399759,0.0018537284039181756,123607.27405557674,-0.0024421696367433656
2021-10-22,123044.19609350507,-0.0021183826641519854,123607.27405557674,-0.004555378851073853
2021-10-25,123235.96568569311,0.0015585423634472129,123607.27405557674,-0.0030039362385475645
2021-10-26,123081.98320526624,-0.0012494930320875453,123607.27405557674,-0.00424967587323636
2021-10-27,122698.4067061173,-0.003116430928068903,123607.27405557674,-0.007352862979979579
2021-10-28,122698.4067061173,0.0,123607.27405557674,-0.007352862979979579
2021-10-29,122710.31091800373,9.702010161349861e-05,123607.27405557674,-0.007256556253879637
2021-11-01,123229.75048092863,0.004233055552047338,123607.27405557674,-0.0030542181075715767
2021-11-02,123272.6485417806,0.00034811448278149193,123607.27405557674,-0.002707166842346884
2021-11-03,123641.01232518334,0.002988203691250302,123641.01232518334,0.0
2021-11-04,123633.55179286127,-6.034027206480719e-05,123641.01232518334,-6.034027206484865e-05
2021-11-05,123919.8497207211,0.0023156976703178067,123919.8497207211,0.0
2021-11-08,123986.0619450796,0.0005343149181322726,123986.0619450796,0.0
2021-11-09,123862.03059522498,-0.0010003652661341178,123986.0619450796,-0.0010003652661341646
2021-11-10,123528.17177381183,-0.002695408914328068,123986.0619450796,-0.0036930777870063086
2021-11-11,123696.03375105868,0.0013588963135811039,123986.0619450796,-0.0023391999832156904
2021-11-12,123705.55851941762,7.700140473465567e-05,123986.0619450796,-0.0022623787001656687
2021-11-15,123567.33476639068,-0.001117360890499186,123986.0619450796,-0.003377211697185734
2021-11-16,123789.12815667359,0.001794919269742401,123986.0619450796,-0.0015883542497965688
2021-11-17,123651.98243845587,-0.0011078979249625753,123986.0619450796,-0.0026944924403817373
2021-11-18,123901.01403846664,0.00201397175443363,123986.0619450796,-0.0006859473176155944
2021-11-19,123824.45880338894,-0.0006178741608517946,123986.0619450796,-0.0013033976493440945
2021-11-22,123546.78408821304,-0.0022424868063974923,123986.0619450796,-0.003542961603709403
2021-11-23,123583.5538546576,0.00029761815911211187,123986.0619450796,-0.003246397894307567
2021-11-24,123702.58325670536,0.0009631492082493587,123986.0619450796,-0.0022863754516197405
2021-11-26,122406.34725197575,-0.010478649439678134,123986.0619450796,-0.012741066764452837
2021-11-29,123077.95260726204,0.005486687335778395,123986.0619450796,-0.0073242856783354415
2021-11-30,122371.08898211288,-0.005743218912689807,123986.0619450796,-0.013025439614995395
2021-12-01,122371.08898211288,0.0,123986.0619450796,-0.013025439614995395
2021-12-02,122371.08898211288,0.0,123986.0619450796,-0.013025439614995395
2021-12-03,122371.08898211288,0.0,123986.0619450796,-0.013025439614995395
2021-12-06,122371.08898211288,0.0,123986.0619450796,-0.013025439614995395
2021-12-07,122461.98696946727,0.0007428060672702852,123986.0619450796,-0.01229230892329998
2021-12-08,122642.6509052862,0.0014752654296223966,123986.0619450796,-0.010835177912082333
2021-12-09,121770.94341521832,-0.007107702611068412,123986.0619450796,-0.017865867300813777
2021-12-10,122230.4564944912,0.0037735856057714567,123986.0619450796,-0.014159700074723329
2021-12-13,121401.7041907893,-0.006780243872681946,123986.0619450796,-0.020843937727734674
2021-12-14,120909.8966041249,-0.0040510764650512066,123986.0619450796,-0.024810573807217996
2021-12-15,121417.63669590837,0.0041993261597590426,123986.0619450796,-0.02071543533908614
2021-12-16,120613.18558849925,-0.006625488102884769,123986.0619450796,-0.027203673571585613
2021-12-17,120117.77475305325,-0.004107435128495873,123986.0619450796,-0.0311993713756295
2021-12-20,119576.12417920254,-0.004509329072772794,123986.0619450796,-0.03556801221600589
2021-12-21,119881.40135006342,0.0025529943620130613,123986.0619450796,-0.0331058227886483
2021-12-22,120086.58678394338,0.0017115701982894915,123986.0619450796,-0.03145091553003363
2021-12-23,120471.27829355937,0.003203451109057953,123986.0619450796,-0.02834821589121136
2021-12-27,121449.58903930734,0.008120696979441622,123986.0619450796,-0.02045772618293018
2021-12-28,121277.33067694215,-0.0014183527809998875,123986.0619450796,-0.021847062691105517
2021-12-29,121367.5837400333,0.0007441874139821891,123986.0619450796,-0.021119133586210422
2021-12-30,121206.70995621152,-0.0013255086643757519,123986.0619450796,-0.022416648656033662
2021-12-31,120950.37527017768,-0.0021148555729830765,123986.0619450796,-0.024484096254678907
2022-01-03,121596.43444872217,0.005341522728650627,123986.0619450796,-0.01927335588266305
2022-01-04,121596.43444872217,0.0,123986.0619450796,-0.01927335588266305
2022-01-05,121596.43444872217,0.0,123986.0619450796,-0.01927335588266305
2022-01-06,121596.43444872217,0.0,123986.0619450796,-0.01927335588266305
2022-01-07,121596.43444872217,0.0,123986.0619450796,-0.01927335588266305
2022-01-10,121596.43444872217,0.0,123986.0619450796,-0.01927335588266305
2022-01-11,121596.43444872217,0.0,123986.0619450796,-0.01927335588266305
2022-01-12,121596.43444872217,0.0,123986.0619450796,-0.01927335588266305
2022-01-13,121596.43444872217,0.0,123986.0619450796,-0.01927335588266305
2022-01-14,121596.43444872217,0.0,123986.0619450796,-0.01927335588266305
2022-01-18,121596.43444872217,0.0,123986.0619450796,-0.01927335588266305
2022-01-19,121596.43444872217,0.0,123986.0619450796,-0.01927335588266305
2022-01-20,121596.43444872217,0.0,123986.0619450796,-0.01927335588266305
2022-01-21,121596.43444872217,0.0,123986.0619450796,-0.01927335588266305
2022-01-24,121596.43444872217,0.0,123986.0619450796,-0.01927335588266305
2022-01-25,121596.43444872217,0.0,123986.0619450796,-0.01927335588266305
2022-01-26,121596.43444872217,0.0,123986.0619450796,-0.01927335588266305
2022-01-27,121596.43444872217,0.0,123986.0619450796,-0.01927335588266305
2022-01-28,121596.43444872217,0.0,123986.0619450796,-0.01927335588266305
2022-01-31,121889.47068103126,0.002409908099999969,123986.0619450796,-0.016909894799118853
2022-02-01,122347.19247917391,0.003755220164508355,123986.0619450796,-0.013218175012539924
2022-02-02,122622.41384890515,0.0022495111179448024,123986.0619450796,-0.010998398326244725
2022-02-03,120669.08937913695,-0.015929587491036457,123986.0619450796,-0.02675278586888195
2022-02-04,120556.27690817359,-0.0009348912098681161,123986.0619450796,-0.02766266613440185
2022-02-07,120296.1219203334,-0.0021579547287972067,123986.0619450796,-0.029760926082003245
2022-02-08,121196.22917848351,0.007482429556176395,123986.0619450796,-0.02250118055876197
2022-02-09,122456.39382689285,0.010397721587142028,123986.0619450796,-0.012337419982451917
2022-02-10,121041.92330316808,-0.011550809880325974,123986.0619450796,-0.023745722670146907
2022-02-11,119567.6997633403,-0.012179445762236951,123986.0619450796,-0.035635958691037715
2022-02-14,119254.9892244111,-0.002615342935827547,123986.0619450796,-0.03815810137404119
2022-02-15,119786.2197272307,0.0044545767541845915,123986.0619450796,-0.03387350281122119
2022-02-16,119829.0946300173,0.00035792850700389067,123986.0619450796,-0.033527698596505576
2022-02-17,118900.3554242369,-0.007750531777344749,123986.0619450796,-0.04101837288045684
2022-02-18,118540.52331046308,-0.0030263333737727827,123986.0619450796,-0.043920570983443714
2022-02-22,118263.40503635442,-0.002337751398168386,123986.0619450796,-0.04615564700538724
2022-02-23,117938.85703370435,-0.002744280891881168,123986.0619450796,-0.04877326383713914
2022-02-24,117938.85703370435,0.0,123986.0619450796,-0.04877326383713914
2022-02-25,117938.85703370435,0.0,123986.0619450796,-0.04877326383713914
2022-02-28,118623.22276040618,0.0058027162880360805,123986.0619450796,-0.043253564961591565
2022-03-01,117667.15863490965,-0.008059670806850217,123986.0619450796,-0.0509646262736286
2022-03-02,118790.89208386751,0.009550102696407547,123986.0619450796,-0.04190124099201824
2022-03-03,118033.48096530311,-0.006376003288447896,123986.0619450796,-0.04801008183011099
2022-03-04,117205.31196955977,-0.007016390510306003,123986.0619450796,-0.05468961485786522
2022-03-07,115589.00423307919,-0.013790396606771282,123986.0619450796,-0.06772581998547492
2022-03-08,115563.54551664714,-0.0002202520611797043,123986.0619450796,-0.06793115529520781
2022-03-09,115563.54551664714,0.0,123986.0619450796,-0.06793115529520781
2022-03-10,115792.81541748538,0.0019839292729662006,123986.0619450796,-0.0660819966297781
2022-03-11,115488.02179489621,-0.002632232591376682,123986.0619450796,-0.06854028603592269
2022-03-14,115104.50664064495,-0.0033208219198037625,123986.0619450796,-0.0716334978714687
2022-03-15,115398.19850876894,0.002551523625750729,123986.0619450796,-0.06926474880793215
2022-03-16,116335.17558115182,0.008119512128360373,123986.0619450796,-0.06170763264758564
2022-03-17,117427.74796176034,0.009391590936709937,123986.0619450796,-0.05289557455437451
2022-03-18,118373.58582711972,0.008054636845010288,123986.0619450796,-0.045266992353107834
2022-03-21,118042.1625853863,-0.00279980740143726,123986.0619450796,-0.04794006089431397
2022-03-22,118997.13234297275,0.00809007338285328,123986.0619450796,-0.040237826122074286
2022-03-23,117854.53928703189,-0.009601853703900098,123986.0619450796,-0.04945332210618722
2022-03-24,118995.54347884275,0.009681461560271165,123986.0619450796,-0.04025064098291486
2022-03-25,119157.3032155899,0.0013593764272012976,123986.0619450796,-0.03894598032824548
2022-03-28,119656.1525879158,0.004186477528979715,123986.0619450796,-0.03492254927075395
2022-03-29,120441.17916871673,0.006560687134112397,123986.0619450796,-0.0285909780563326
2022-03-30,120034.4612989947,-0.0033769004299789573,123986.0619450796,-0.03187132960021969
2022-03-31,119770.92743807266,-0.002195485013804621,123986.0619450796,-0.033996841587516965
2022-04-01,119770.92743807266,0.0,123986.0619450796,-0.033996841587516965
2022-04-04,119764.60089718472,-5.282200800527104e-05,123986.0619450796,-0.03404786781408379
2022-04-05,119206.5562526316,-0.004659512413289657,123986.0619450796,-0.038548733764647666
2022-04-06,118944.04578378079,-0.002202147911181007,123986.0619450796,-0.040665991662290187
2022-04-07,119012.7477692443,0.0005775991981002981,123986.0619450796,-0.040111881108364
2022-04-08,119091.78545163597,0.0006641110626646185,123986.0619450796,-0.03947440878968781
2022-04-11,118856.49635097769,-0.001975695466870264,123986.0619450796,-0.041372114846054873
2022-04-12,118801.77795547576,-0.00046037362013717775,123986.0619450796,-0.041813441835907704
2022-04-13,119001.19610797166,0.0016785788557023285,123986.0619450796,-0.04020505013955532
2022-04-14,118925.1983364412,-0.0006386303164676033,123986.0619450796,-0.04081800429212869
2022-04-18,118914.86263951306,-8.690922590604e-05,123986.0619450796,-0.04090136605687869
2022-04-19,119197.57434960634,0.002377429564463407,123986.0619450796,-0.03862117660930586
2022-04-20,119137.61264289313,-0.0005030446889576767,123986.0619450796,-0.03910479312048892
2022-04-21,118414.46648758317,-0.006069839232699437,123986.0619450796,-0.044937272545718894
2022-04-22,118107.64257662377,-0.0025911015778765645,123986.0619450796,-0.047411937085796864
2022-04-25,118107.64257662377,0.0,123986.0619450796,-0.047411937085796864
2022-04-26,118107.64257662377,0.0,123986.0619450796,-0.047411937085796864
2022-04-27,118107.64257662377,0.0,123986.0619450796,-0.047411937085796864
2022-04-28,118107.64257662377,0.0,123986.0619450796,-0.047411937085796864
2022-04-29,118107.64257662377,0.0,123986.0619450796,-0.047411937085796864
2022-05-02,118107.64257662377,0.0,123986.0619450796,-0.047411937085796864
2022-05-03,118107.64257662377,0.0,123986.0619450796,-0.047411937085796864
2022-05-04,118107.64257662377,0.0,123986.0619450796,-0.047411937085796864
2022-05-05,115735.63759456482,-0.020083416536911036,123986.0619450796,-0.06654315994139207
2022-05-06,115735.63759456482,0.0,123986.0619450796,-0.06654315994139207
2022-05-09,115735.63759456482,0.0,123986.0619450796,-0.06654315994139207
2022-05-10,115735.63759456482,0.0,123986.0619450796,-0.06654315994139207
2022-05-11,115735.63759456482,0.0,123986.0619450796,-0.06654315994139207
2022-05-12,115735.63759456482,0.0,123986.0619450796,-0.06654315994139207
2022-05-13,115735.63759456482,0.0,123986.0619450796,-0.06654315994139207
2022-05-16,115735.63759456482,0.0,123986.0619450796,-0.06654315994139207
2022-05-17,115735.63759456482,0.0,123986.0619450796,-0.06654315994139207
2022-05-18,113543.01791500076,-0.018945069341951948,123986.0619450796,-0.08422756450402179
2022-05-19,113391.66375665263,-0.0013330115856302616,123986.0619450796,-0.08544829977033883
2022-05-20,113391.66375665263,0.0,123986.0619450796,-0.08544829977033883
2022-05-23,113416.91684336073,0.00022270673056068446,123986.0619450796,-0.08524462295125186
2022-05-24,113025.1118661745,-0.003454555000179882,123986.0619450796,-0.08840469571297713
2022-05-25,113298.27825616354,0.002416864584150913,123986.0619450796,-0.08620149330696764
2022-05-26,114254.57825442363,0.008440551904044913,123986.0619450796,-0.07848852958138623
2022-05-27,115936.95511917694,0.014724809197640853,123986.0619450796,-0.06491944900603468
2022-05-31,115430.59108720215,-0.004367580910282554,123986.0619450796,-0.06900348897013234
2022-06-01,114922.69494015328,-0.004400013395627345,123986.0619450796,-0.07309988608994608
2022-06-02,116502.41501829386,0.013745936596450514,123986.0619450796,-0.06035877589289561
2022-06-03,115323.8050984693,-0.010116613631052207,123986.0619450796,-0.06986476310899606
2022-06-06,115533.55894789333,0.0018188252568056562,123986.0619450796,-0.06817300964789379
2022-06-07,116346.5040700437,0.007036441442239472,123986.0619450796,-0.061616263595982976
2022-06-08,115515.56922964274,-0.0071418977909357695,123986.0619450796,-0.06831810433005693
2022-06-09,114619.50078490321,-0.0077571227040241775,123986.0619450796,-0.07554527511588648
2022-06-10,113730.63942740753,-0.007754887705921365,123986.0619450796,-0.08271431769657116
2022-06-13,113730.63942740753,0.0,123986.0619450796,-0.08271431769657116
2022-06-14,113730.63942740753,0.0,123986.0619450796,-0.08271431769657116
2022-06-15,113730.63942740753,0.0,123986.0619450796,-0.08271431769657116
2022-06-16,113730.63942740753,0.0,123986.0619450796,-0.08271431769657116
2022-06-17,113730.63942740753,0.0,123986.0619450796,-0.08271431769657116
2022-06-21,113730.63942740753,0.0,123986.0619450796,-0.08271431769657116
2022-06-22,113730.63942740753,0.0,123986.0619450796,-0.08271431769657116
2022-06-23,113730.63942740753,0.0,123986.0619450796,-0.08271431769657116
2022-06-24,114910.90281554774,0.010377708189124757,123986.0619450796,-0.07319499455956388
2022-06-27,114658.49753326431,-0.002196530321309842,123986.0619450796,-0.07523074985595549
2022-06-28,113056.08756045562,-0.013975501225662046,123986.0619450796,-0.08815486364479802
2022-06-29,112876.07415194336,-0.0015922487005929353,123986.0619450796,-0.08960674787830157
2022-06-30,112283.63558260536,-0.005248575252010612,123986.0619450796,-0.09438501537098495
2022-07-01,112658.42011286323,0.003337837506892427,123986.0619450796,-0.0913622197084864
2022-07-05,113065.45274711546,0.0036129801380533344,123986.0619450796,-0.08807932945560838
2022-07-06,113075.78845620327,9.141350285779559e-05,123986.0619450796,-0.08799596759278552
